{"cameraMode":{"drawMode":0,"name":"Shaded","section":"Shading Mode"},"sceneLighting":true,"audioPlay":false,"sceneViewState":{"showFog":true,"showMaterialUpdate":false,"showSkybox":true,"showFlares":true,"showImageEffects":true,"showParticleSystems":true},"in2DMode":false,"pivot":{"x":-1.4464168548583985,"y":-1.2419347763061524,"z":0.5983366966247559},"rotation":{"x":-0.3268277645111084,"y":0.45426300168037417,"z":-0.18371517956256867,"w":-0.8081321120262146},"size":16.068464279174806,"orthographic":false}